<winspector>
<general ShowParametersOnOneLine="0" autoexpandmessages="0" transparentvalue="200" warn_vefore_clearing_messages="0" messagehighlightcolour="8421631" ShowPostSendStatus="1" usetransparency="0" ShowMessageNumbers="1" ShowMessageTimes="0" bookmarkcolour="16777060" alwaysontop="0">
<windowlist showhiddenwindows="1" expandall="0" selectedtab="0" autorefresh="1">
<window_watches>
<window_watch enabled="1" class="#32770" properties="1" messages="1">
</window_watch><window_watch enabled="1" class="#32768" properties="1" messages="1">
</window_watch></window_watches><known_classes>
<known_class class="Acrobat Viewer">
</known_class><known_class class="QPopup">
</known_class><known_class class="msctls_progress32">
</known_class><known_class class="TrayClockWClass">
</known_class><known_class class="TrayNotifyWnd">
</known_class><known_class class="MsiDialogCloseClass">
</known_class><known_class class="">
</known_class><known_class class="THalo">
</known_class><known_class class="TNewProgressBar">
</known_class><known_class class="SysDragImage">
</known_class><known_class class="SensorPnPEventWindowb78">
</known_class><known_class class="TfCMDWindow">
</known_class><known_class class="TFolderTree">
</known_class><known_class class="TConversationForm.UnicodeClass">
</known_class><known_class class="CoverWindowClass">
</known_class><known_class class="SensorPnPEventWindow964">
</known_class><known_class class="WindowsForms10.STATIC.app.0.33c0d9d">
</known_class><known_class class="NativeHWNDHost">
</known_class><known_class class="WindowsForms10.COMBOBOX.app.0.9c43c1">
</known_class><known_class class="Trillian - List">
</known_class><known_class class="InternetToolbarHost">
</known_class><known_class class="Flip3D">
</known_class><known_class class="ATL:74343188">
</known_class><known_class class="Internet Explorer_Hidden">
</known_class><known_class class="TSkyLibEx.UnicodeClass">
</known_class><known_class class="TConversationsControl">
</known_class><known_class class="DropDown">
</known_class><known_class class="Desktop User Picture">
</known_class><known_class class="SystemTray_Main">
</known_class><known_class class="ScrollBar">
</known_class><known_class class="TMessageForm">
</known_class><known_class class="DavesFrameClass">
</known_class><known_class class="TLiveConversationList">
</known_class><known_class class="TfmXPManifestResource">
</known_class><known_class class="DesktopLogoffPane">
</known_class><known_class class="Media Center SSO">
</known_class><known_class class="VisualStudioAppManagement">
</known_class><known_class class="TCustomHint">
</known_class><known_class class="TToolBar">
</known_class><known_class class="dbgviewClass">
</known_class><known_class class="ATL:5BD9D9C0">
</known_class><known_class class="AMCCustomTab">
</known_class><known_class class="TFakeCombobox">
</known_class><known_class class="ATL:6E788158">
</known_class><known_class class="OPMESSAGEWINDOW">
</known_class><known_class class="WindowsForms10.STATIC.app.0.9c43c1">
</known_class><known_class class="MDIClient">
</known_class><known_class class="TTntPanel.UnicodeClass">
</known_class><known_class class="TExceptionDialog">
</known_class><known_class class="Chrome_MessagePumpWindow">
</known_class><known_class class="Groove.Class.BroadcastServices.BroadcastReceiver">
</known_class><known_class class="trillian">
</known_class><known_class class="Shell Embedding">
</known_class><known_class class="AutoHotkeyGUI">
</known_class><known_class class="ThunderRT6Main">
</known_class><known_class class="ATL:6C2A1EE0">
</known_class><known_class class="TChatEntryControl">
</known_class><known_class class="msctls_hotkey32">
</known_class><known_class class="HwndWrapper[DefaultDomain;;5e5d696f-a6df-4e23-a7e5-792bb8162227]">
</known_class><known_class class="VANUITooltip">
</known_class><known_class class="StubWindow32">
</known_class><known_class class="AfxFrameOrView42">
</known_class><known_class class="TaskListOverlayWnd">
</known_class><known_class class="SunAwtFrame">
</known_class><known_class class="Ghost">
</known_class><known_class class="TConversationVideoPanel">
</known_class><known_class class="SkyLibPwrEvents">
</known_class><known_class class="ToolbarWindow32">
</known_class><known_class class="ATL:6C2A1F40">
</known_class><known_class class="ATL:6C3F8158">
</known_class><known_class class="Desktop OpenBox Host">
</known_class><known_class class="msctls_statusbar32">
</known_class><known_class class="MsiHiddenWindow">
</known_class><known_class class="Photos_ButtonEx">
</known_class><known_class class="Afx:400000:0:10003:0:0">
</known_class><known_class class="TfSettings">
</known_class><known_class class="TfOpenFiles">
</known_class><known_class class="TPageControl">
</known_class><known_class class="OpWindowDS">
</known_class><known_class class="nsToolkitClass">
</known_class><known_class class="Photos_StaticTextEx">
</known_class><known_class class="ATL:1809A2F8">
</known_class><known_class class="TfmRawResource">
</known_class><known_class class="wxWindowClassNR">
</known_class><known_class class="USurface_454163427">
</known_class><known_class class="Progman">
</known_class><known_class class="DINotifyWindowClass853">
</known_class><known_class class="TUpgradeForm.UnicodeClass">
</known_class><known_class class="THexDump">
</known_class><known_class class="TTreeView">
</known_class><known_class class="Dwm">
</known_class><known_class class="QWidget">
</known_class><known_class class="CustomDlg">
</known_class><known_class class="UIRibbonCommandBarDock">
</known_class><known_class class="XBabyHost">
</known_class><known_class class="TRzPanel">
</known_class><known_class class="TfGenForm">
</known_class><known_class class="WindowsForms10.MDICLIENT.app.0.33c0d9d">
</known_class><known_class class="ATL:617428A0">
</known_class><known_class class="VideoDeviceMngr">
</known_class><known_class class="TfmDialogResource">
</known_class><known_class class="Chrome_AutocompleteEditView">
</known_class><known_class class="TASKENGINEWINDOWCLASS">
</known_class><known_class class="TTntPageControl.UnicodeClass">
</known_class><known_class class="FilterGraphWindow">
</known_class><known_class class="WText">
</known_class><known_class class="TEmptyCanvas">
</known_class><known_class class="LivePreview">
</known_class><known_class class="TStatusBar">
</known_class><known_class class="MSPaintApp">
</known_class><known_class class="SysTreeView32">
</known_class><known_class class="CabinetWClass">
</known_class><known_class class="QEventDispatcherWin32_Internal_Widget1766412656">
</known_class><known_class class="ATL:69BDD480">
</known_class><known_class class="AcroMissingCompWClass">
</known_class><known_class class="Chrome_WindowImpl_0">
</known_class><known_class class="AfxFrameOrView80u">
</known_class><known_class class="TScrollBox">
</known_class><known_class class="AcroStubUnloadWClass">
</known_class><known_class class="AsyncLayerBoundaryUp">
</known_class><known_class class="AfxControlBar42">
</known_class><known_class class="THintWindow">
</known_class><known_class class="HwndWrapper[DefaultDomain;;9d37de69-8ef9-434e-9cc7-b7333d8ba06c]">
</known_class><known_class class="ListBox">
</known_class><known_class class="Frame Tab">
</known_class><known_class class="CWmpControlCntr">
</known_class><known_class class="TfmCursorGraphicsResource">
</known_class><known_class class="Chrome_RenderWidgetHostHWND">
</known_class><known_class class="RICHEDIT">
</known_class><known_class class="TTBToolWindow">
</known_class><known_class class="WindowsLocation_DLPWindowClass">
</known_class><known_class class="WindowsForms10.COMBOBOX.app.0.218f99c">
</known_class><known_class class="#43">
</known_class><known_class class="Trillian: List Tooltip Entry">
</known_class><known_class class="ATL:69BDD9C0">
</known_class><known_class class="TPanelButtons">
</known_class><known_class class="QEventDispatcherWin32_Internal_Widget1766804384">
</known_class><known_class class="HwndWrapper[DefaultDomain;;35206818-2e08-4fca-9d49-90b4501e1389]">
</known_class><known_class class="AfxWnd80u">
</known_class><known_class class="IME">
</known_class><known_class class="CommandBarClass">
</known_class><known_class class="AsyncLayerBoundaryDn">
</known_class><known_class class="ATL:722F8158">
</known_class><known_class class="TMemo">
</known_class><known_class class="HwndWrapper[DefaultDomain;;3e3dc139-bd18-4509-85c2-cf92715e0989]">
</known_class><known_class class="TfExplorerTree">
</known_class><known_class class="OUIWINDOW">
</known_class><known_class class="FavBandClass">
</known_class><known_class class="TfmIconCursorGraphicsResource">
</known_class><known_class class="UIAInvokeHelperWndClass">
</known_class><known_class class="USurface_453854260">
</known_class><known_class class="MsoCommandBar">
</known_class><known_class class="ClockTooltipWindow">
</known_class><known_class class="BALLOON">
</known_class><known_class class="Search Control">
</known_class><known_class class="TVirtualStringTree">
</known_class><known_class class="USurfaceShadowed_113395831">
</known_class><known_class class="ATL:74D93188">
</known_class><known_class class="UIRibbonWorkPane">
</known_class><known_class class="msctls_updown32">
</known_class><known_class class="TfmMain">
</known_class><known_class class="COMTASKSWINDOWCLASS">
</known_class><known_class class="OPMAINTHREAD">
</known_class><known_class class="TfPSPad.UnicodeClass">
</known_class><known_class class="AVL_AVView">
</known_class><known_class class="USurfaceShadowed_727118049">
</known_class><known_class class="TRzPageControl">
</known_class><known_class class="TTabSheet">
</known_class><known_class class="ATL:69BDD690">
</known_class><known_class class="TScrollBar">
</known_class><known_class class="TBitmapEditor">
</known_class><known_class class="VsChannel">
</known_class><known_class class="Internet Explorer_Server">
</known_class><known_class class="USurfaceShadowed_438731489">
</known_class><known_class class="TaskListThumbnailWnd">
</known_class><known_class class="TVirtualTreeHintWindow">
</known_class><known_class class="WindowsForms10.STATIC.app.0.218f99c">
</known_class><known_class class="mySplitter">
</known_class><known_class class="AfxFrameOrView42u">
</known_class><known_class class="TSVNCacheWindow">
</known_class><known_class class="HwndWrapper[DefaultDomain;;321b6554-1708-4431-bbb7-b9f37efcb55d]">
</known_class><known_class class="Shell DocObject View">
</known_class><known_class class="Address Band Root">
</known_class><known_class class="nsAppShell:EventWindowClass">
</known_class><known_class class="TabBandClass">
</known_class><known_class class="TTntEdit.UnicodeClass">
</known_class><known_class class="TfFTP">
</known_class><known_class class="WindowsForms10.BUTTON.app.0.33c0d9d">
</known_class><known_class class="AutoHotkey">
</known_class><known_class class="NamespaceTreeControl">
</known_class><known_class class="TaskSwitcherOverlayWnd">
</known_class><known_class class="RichEdit20W">
</known_class><known_class class="TfNewFile">
</known_class><known_class class="DragonAge">
</known_class><known_class class="Photos_NavigationBar">
</known_class><known_class class="TConversationList">
</known_class><known_class class="ATL:743E3188">
</known_class><known_class class="NetUIHWND">
</known_class><known_class class="Photos_PhotoCanvas">
</known_class><known_class class="ATL:54338548">
</known_class><known_class class="TfmTextInput">
</known_class><known_class class="TElTree">
</known_class><known_class class="AU3Reveal">
</known_class><known_class class="SysHeader32">
</known_class><known_class class="ATL:69BDDAE0">
</known_class><known_class class="Wpd Window for PnP messages {6C7EE8E3-F417-4FF6-9349-00E88AEDC18A}">
</known_class><known_class class="ATL:621D28A0">
</known_class><known_class class="TNewCheckListBox">
</known_class><known_class class="ATL:668B8548">
</known_class><known_class class="TfHotKey">
</known_class><known_class class="Notepad">
</known_class><known_class class="HwndWrapper[DefaultDomain;;5114c29e-cf53-4dba-bcc9-3b971123df36]">
</known_class><known_class class="SysShadow">
</known_class><known_class class="DV2ControlHost">
</known_class><known_class class="WindowsForms10.tooltips_class32.app.0.33c0d9d">
</known_class><known_class class="RunDLL">
</known_class><known_class class="TTntRichEdit.UnicodeClass">
</known_class><known_class class="ATL:6CA78158">
</known_class><known_class class="AfxOleControl42u">
</known_class><known_class class="MMCViewWindow">
</known_class><known_class class="TfHLSett">
</known_class><known_class class="TRzSizePanel">
</known_class><known_class class="WMP Skin Host">
</known_class><known_class class="TDialogEditor">
</known_class><known_class class="ATL:649D8548">
</known_class><known_class class="Desktop More Programs Pane">
</known_class><known_class class="BasicWindow">
</known_class><known_class class=".NET-BroadcastEventWindow.2.0.0.0.33c0d9d.0">
</known_class><known_class class="WindowsForms10.Window.8.app.0.9c43c1">
</known_class><known_class class="DASplash">
</known_class><known_class class="DIEmWin">
</known_class><known_class class="Tmainform">
</known_class><known_class class="MozillaContentWindowClass">
</known_class><known_class class="TFileDetailsForm">
</known_class><known_class class="CommandToolbarBand">
</known_class><known_class class="MMCChildFrm">
</known_class><known_class class="atlcommon_timer6BA7906D">
</known_class><known_class class="TDCEmbedBanner">
</known_class><known_class class="TExVirtualStringTree">
</known_class><known_class class="Tpacketsform">
</known_class><known_class class="USurface_113395831">
</known_class><known_class class="TStaticText">
</known_class><known_class class="WindowsForms10.Window.0.app.0.33c0d9d">
</known_class><known_class class="_SearchEditBoxFakeWindow">
</known_class><known_class class="TabThumbnailWindow">
</known_class><known_class class="ATL:73A23188">
</known_class><known_class class="TNewStaticText">
</known_class><known_class class="USurfaceShadowed_121077914">
</known_class><known_class class="BluetoothNotificationAreaIconWindowClass">
</known_class><known_class class="Static">
</known_class><known_class class="ShiftRegionWindow">
</known_class><known_class class="TChatContentControl">
</known_class><known_class class="TPropertyListBox">
</known_class><known_class class="Desktop User Pane">
</known_class><known_class class="CiceroUIWndFrame">
</known_class><known_class class="WMPMessenger">
</known_class><known_class class="WMPlayerApp">
</known_class><known_class class="SensorPnPEventWindow9b4">
</known_class><known_class class="aPluginWinClass">
</known_class><known_class class="AMD EEU Client">
</known_class><known_class class="MS_WebcheckMonitor">
</known_class><known_class class="C# Window Message Processor">
</known_class><known_class class="RarViewWindow">
</known_class><known_class class="RichEdit20A">
</known_class><known_class class="TRichLabel">
</known_class><known_class class="TNewComboBox">
</known_class><known_class class="PersonalizationThemeChangeListener">
</known_class><known_class class="TTntCustomHintWindow.UnicodeClass">
</known_class><known_class class="ComboBoxEx32">
</known_class><known_class class="Button">
</known_class><known_class class="TListView">
</known_class><known_class class="VsAutoHide">
</known_class><known_class class="Search Box">
</known_class><known_class class="ATL:5BD9DB70">
</known_class><known_class class="TTntListView.UnicodeClass">
</known_class><known_class class="MSENV_ParentOfProxy">
</known_class><known_class class="AltTab_KeyHookWnd">
</known_class><known_class class="TfmNTAboutBox">
</known_class><known_class class="UniversalSearchBand">
</known_class><known_class class="Isolation Thread Message Window">
</known_class><known_class class="tSkMainForm.UnicodeClass">
</known_class><known_class class="TResizeControl">
</known_class><known_class class="TTBXToolbar">
</known_class><known_class class="TfLinks">
</known_class><known_class class="SideBar_HTMLHostWindow">
</known_class><known_class class="BrowserFrameGripperClass">
</known_class><known_class class="MozillaUIWindowClass">
</known_class><known_class class="Photos_NavigationPane">
</known_class><known_class class="WMDMNotificationWindowClass">
</known_class><known_class class="EWHAcrobatTransportWindow6">
</known_class><known_class class="Default Trillian Window">
</known_class><known_class class="TravelBand">
</known_class><known_class class="SunAwtDialog">
</known_class><known_class class="ATL:629828A0">
</known_class><known_class class="TTBDock">
</known_class><known_class class="SysTabControl32">
</known_class><known_class class="{92F8E220-3ED3-4153-B3B0-0A05D184402A}">
</known_class><known_class class="CreateInstall">
</known_class><known_class class="WBitmap">
</known_class><known_class class="TChromeMenu.UnicodeClass">
</known_class><known_class class="WinRarWindow">
</known_class><known_class class="DDEMLUnicodeClient">
</known_class><known_class class="ATL:653C8548">
</known_class><known_class class="#32770">
</known_class><known_class class="TTntComboBox.UnicodeClass">
</known_class><known_class class="AfxControlBar42u">
</known_class><known_class class="tooltips_class32">
</known_class><known_class class="ATL:6C2940C0">
</known_class><known_class class="TrillianSkypePlugin">
</known_class><known_class class="ATL:68EC8548">
</known_class><known_class class="Internet Explorer_TridentDlgFrame">
</known_class><known_class class="TUserInfoForm.UnicodeClass">
</known_class><known_class class="SunAwtWindow">
</known_class><known_class class="USurface_727118049">
</known_class><known_class class="Edit">
</known_class><known_class class="FDBthProviderClass">
</known_class><known_class class="WMPAppHost">
</known_class><known_class class="TNewNotebook">
</known_class><known_class class="ATL:611A8548">
</known_class><known_class class="icoICQ">
</known_class><known_class class="USurface_438731489">
</known_class><known_class class="OpWindow">
</known_class><known_class class="URL Moniker Notification Window">
</known_class><known_class class="SyncMgrTrayIconClass">
</known_class><known_class class="TElHeader">
</known_class><known_class class="USurface_121077914">
</known_class><known_class class="HwndWrapper[DefaultDomain;;ffc06a3b-f4ca-446c-866e-c4e56b3b9dbb]">
</known_class><known_class class="MsoCommandBarDock">
</known_class><known_class class="Trillian Window">
</known_class><known_class class="Photo_Lightweight_Viewer">
</known_class><known_class class="ATL:62DC28A0">
</known_class><known_class class="OleMainThreadWndClass">
</known_class><known_class class="ComboBox">
</known_class><known_class class="DesktopDestinationList">
</known_class><known_class class="MozillaDropShadowWindowClass">
</known_class><known_class class="FirefoxMessageWindow">
</known_class><known_class class="ATL:73C53188">
</known_class><known_class class="SizeableRebar">
</known_class><known_class class="#32768">
</known_class><known_class class="SHELLDLL_DefView">
</known_class><known_class class="Isolation Library Message Window">
</known_class><known_class class="TInboxList">
</known_class><known_class class="DDEMLUnicodeServer">
</known_class><known_class class="DesktopProgramsMFU">
</known_class><known_class class="VSDirPrjNotificationWindow">
</known_class><known_class class="WorkerW">
</known_class><known_class class="SYNC_INFRASTRUCTURE_MSGWND-B6D42D77-09C5-48f6-B1A5-26A59F1D74FF">
</known_class><known_class class="WindowsForms10.BUTTON.app.0.218f99c">
</known_class><known_class class="AcrobatTimerWnd">
</known_class><known_class class="ATL:6627FD80">
</known_class><known_class class="DDEMLEvent">
</known_class><known_class class="GenericPane">
</known_class><known_class class="OleDdeWndClass">
</known_class><known_class class="WindowsForms10.SysTreeView32.app.0.33c0d9d">
</known_class><known_class class="Wpd Window for PnP messages {EEA0AAA6-601B-481F-AE2D-CCAE4C80902D}">
</known_class><known_class class="CicMarshalWndClass">
</known_class><known_class class="ATL:66274BC0">
</known_class><known_class class="MSCTFIME UI">
</known_class><known_class class="ViewManagerHiddenWindowParent">
</known_class><known_class class="WindowsForms10.LISTBOX.app.0.33c0d9d">
</known_class><known_class class="CLIPBRDWNDCLASS">
</known_class><known_class class="TSystemExplorerTrayForm">
</known_class><known_class class="TWizardForm">
</known_class><known_class class="NUIPane">
</known_class><known_class class="Diagr">
</known_class><known_class class="MMCMainFrame">
</known_class><known_class class="TTntScrollBox.UnicodeClass">
</known_class><known_class class="TActions.UnicodeClass">
</known_class><known_class class="CoolTypeFontChange">
</known_class><known_class class="USurfaceShadowed_121295648">
</known_class><known_class class="TfFiles">
</known_class><known_class class="CicLoaderWndClass">
</known_class><known_class class="CtrlNotifySink">
</known_class><known_class class="IEFrame">
</known_class><known_class class="CamStudio">
</known_class><known_class class="TTntButton.UnicodeClass">
</known_class><known_class class="Tresultsform">
</known_class><known_class class="MozillaHiddenWindowClass">
</known_class><known_class class="USurfaceShadowed_357736169">
</known_class><known_class class="TfGotoLine">
</known_class><known_class class="ListviewPopup">
</known_class><known_class class="VsUIHierarchyBaseWin">
</known_class><known_class class="TGroupBox">
</known_class><known_class class="TfFindReplace">
</known_class><known_class class="SWFlash_PlaceholderX">
</known_class><known_class class="ATL:623728A0">
</known_class><known_class class="WindowsForms10.Window.8.app.0.33c0d9d">
</known_class><known_class class="AddressDisplay Control">
</known_class><known_class class="Wpd Window for PnP messages {8CF5B4A8-D2EA-4A0D-907D-905FB46FD7A0}">
</known_class><known_class class="AcrobatSDIWindow">
</known_class><known_class class="SysLink">
</known_class><known_class class="Shell_TrayWnd">
</known_class><known_class class="USurfaceShadowed_418031028">
</known_class><known_class class="TNavigableTntEdit.UnicodeClass">
</known_class><known_class class="ATL:666128A0">
</known_class><known_class class=".NET-BroadcastEventWindow.4.0.0.0.9c43c1.0">
</known_class><known_class class="HTML Application Host Window Class">
</known_class><known_class class="TTrayIconManager.UnicodeClass">
</known_class><known_class class="TNewButton">
</known_class><known_class class="IBasicWndClass">
</known_class><known_class class="TElStatusBar">
</known_class><known_class class="icoASTRA">
</known_class><known_class class="Afx:00400000:0">
</known_class><known_class class="AfxWnd42u">
</known_class><known_class class="TComboBox">
</known_class><known_class class="ATL:67158548">
</known_class><known_class class="ATL:5BD9D480">
</known_class><known_class class="ATL:5BE028A0">
</known_class><known_class class="Chrome_MessageWindow">
</known_class><known_class class="OutputWindowClass">
</known_class><known_class class="DirectUIHWND">
</known_class><known_class class="ATL:5BD9D3F0">
</known_class><known_class class="DaVinci message-only window">
</known_class><known_class class="ms_sqlce_se_notify_wndproc">
</known_class><known_class class="Desktop NSCHost">
</known_class><known_class class="TfChildEdit.UnicodeClass">
</known_class><known_class class="MSPaintView">
</known_class><known_class class="WindowsForms10.RichEdit20W.app.0.33c0d9d">
</known_class><known_class class="SysPager">
</known_class><known_class class="ATL:56D328A0">
</known_class><known_class class="TZapCommunicator">
</known_class><known_class class="TNewMemo">
</known_class><known_class class="PowerProMain">
</known_class><known_class class="TTntTabSheet.UnicodeClass">
</known_class><known_class class="Afx:f10000:0">
</known_class><known_class class="UIRibbonCommandBar">
</known_class><known_class class="TCallNotificationWindow">
</known_class><known_class class="Opera Main Window">
</known_class><known_class class="MSTaskSwWClass">
</known_class><known_class class="icoContainer">
</known_class><known_class class="Afx:62ae0000:0">
</known_class><known_class class="THistoryList">
</known_class><known_class class="SensorPnPEventWindowbf0">
</known_class><known_class class="SWT_Window0">
</known_class><known_class class="TRadioButton">
</known_class><known_class class="OpTaskbar">
</known_class><known_class class="OperaWindowClass">
</known_class><known_class class="Wpd Window for PnP messages {C8FCADD9-9664-4B35-8F33-64C94F246364}">
</known_class><known_class class="SHBrowseForFolder ShellNameSpace Control">
</known_class><known_class class="TButton">
</known_class><known_class class="HwndWrapper[DefaultDomain;;df28ba40-efb2-46af-b7bf-cfdfd38523e1]">
</known_class><known_class class="WindowsForms10.Window.0.app.0.9c43c1">
</known_class><known_class class="msctls_trackbar32">
</known_class><known_class class="MozillaDialogClass">
</known_class><known_class class="TNewRadioButton">
</known_class><known_class class="Wpd Window for PnP messages {B3DB91F2-806E-45C2-B818-0AE35BCC6E50}">
</known_class><known_class class="ATL:64C78548">
</known_class><known_class class="TaskSwitcherWnd">
</known_class><known_class class="MozillaWindowClass">
</known_class><known_class class="TTBXToolWindow">
</known_class><known_class class="USurface_121295648">
</known_class><known_class class="FaxMonWinClass{3FD224BA-8556-47fb-B260-3E451BAE2793}">
</known_class><known_class class="TPSSynEdit">
</known_class><known_class class="MozillaContentFrameWindowClass">
</known_class><known_class class="Wpd Window for PnP messages {7AC9E493-5778-4997-ACA8-92FFF5AB72BD}">
</known_class><known_class class="TContactProfile">
</known_class><known_class class="TWindowDisabler-Window">
</known_class><known_class class="USurface_357736169">
</known_class><known_class class="IMAPI2 Notification Window">
</known_class><known_class class="TMyselfControl">
</known_class><known_class class="TEdit">
</known_class><known_class class="GadgetHostListener">
</known_class><known_class class="icoAIM">
</known_class><known_class class="Afx:f10000:0:10003:10:0">
</known_class><known_class class="WindowsForms10.EDIT.app.0.33c0d9d">
</known_class><known_class class="ANIMATION_TIMER_HWND">
</known_class><known_class class="ATL:5BD9D690">
</known_class><known_class class="AfxFrameOrView80su">
</known_class><known_class class="TConversationToolbar">
</known_class><known_class class="D3DFocusWindow">
</known_class><known_class class="icoMSN">
</known_class><known_class class="QTool">
</known_class><known_class class="Afx:f10000:8">
</known_class><known_class class="SensorPnPEventWindowb0c">
</known_class><known_class class="WMPHyperLink">
</known_class><known_class class="WindowsForms10.Window.20808.app.0.33c0d9d">
</known_class><known_class class="DesktopSpecialFolders">
</known_class><known_class class="TPUtilWindow">
</known_class><known_class class="TControlBar">
</known_class><known_class class="TListBox">
</known_class><known_class class="WindowsForms10.msctls_progress32.app.0.218f99c">
</known_class><known_class class="HwndWrapper[DefaultDomain;;df1adfb3-8630-4e4e-8663-5de25e4ad27c]">
</known_class><known_class class="PNIHiddenWnd">
</known_class><known_class class="SunAwtToolkit">
</known_class><known_class class="SplashDlg">
</known_class><known_class class="TContactCardControl">
</known_class><known_class class="Acrobat Instance Window Class">
</known_class><known_class class="TMDITab">
</known_class><known_class class="ATL:740D3188">
</known_class><known_class class="VsAutoBorder">
</known_class><known_class class="TTntTreeView.UnicodeClass">
</known_class><known_class class="Shell Preview Extension Host">
</known_class><known_class class="SearchEditBoxWrapperClass">
</known_class><known_class class="WindowsUpdateNotificationWindow">
</known_class><known_class class="TTabControl">
</known_class><known_class class="TCheckBox">
</known_class><known_class class="MsoStdCompMgr">
</known_class><known_class class="ATL:74893188">
</known_class><known_class class="TabWindowClass">
</known_class><known_class class="TProgressForm">
</known_class><known_class class="Afx:400000:0">
</known_class><known_class class="TdlgAddResource">
</known_class><known_class class="MMDEVAPI">
</known_class><known_class class="TApplication">
</known_class><known_class class="TrayShowDesktopButtonWClass">
</known_class><known_class class="ATL:5BD9DAE0">
</known_class><known_class class="ATL:69BDD3F0">
</known_class><known_class class="ATL:62F628A0">
</known_class><known_class class="ImageDrag">
</known_class><known_class class="ExplorerBrowserNavigation">
</known_class><known_class class="icoConsole">
</known_class><known_class class="USurfaceShadowed_454163427">
</known_class><known_class class="TTntListBox.UnicodeClass">
</known_class><known_class class="RegEdit_RegEdit">
</known_class><known_class class="TPanel">
</known_class><known_class class="TfFileSearch">
</known_class><known_class class="FolderShareClientV2">
</known_class><known_class class="Acrobat IEHelper Object">
</known_class><known_class class=".NET-BroadcastEventWindow.2.0.0.0.218f99c.0">
</known_class><known_class class="TConversationVideo">
</known_class><known_class class="TfmVersionResource">
</known_class><known_class class="DDEMLMom">
</known_class><known_class class="AUTHUI.DLL: Shutdown Choices Message Window">
</known_class><known_class class="VBMsoStdCompMgr">
</known_class><known_class class="Desktop top match">
</known_class><known_class class="HwndWrapper[DefaultDomain;;3c9de2d9-48f4-46a2-baf6-a82d85db2ac0]">
</known_class><known_class class="VBFocusRT6">
</known_class><known_class class="TConversationOverlayButtons">
</known_class><known_class class="TNewNotebookPage">
</known_class><known_class class="TfmIconGraphicsResource">
</known_class><known_class class="TElScrollBar">
</known_class><known_class class="ConsoleWindowClass">
</known_class><known_class class="HwndWrapper[DefaultDomain;;06547e00-74ad-49f3-bb2d-952fdbc7697b]">
</known_class><known_class class="wndclass_mso_host">
</known_class><known_class class="TfMakro">
</known_class><known_class class="ShellTabWindowClass">
</known_class><known_class class="ReBarWindow32">
</known_class><known_class class="SensorPnPEventWindow994">
</known_class><known_class class="MMCOCXViewWindow">
</known_class><known_class class="ATL:73BD3188">
</known_class><known_class class="VLC DirectX video">
</known_class><known_class class="USurface_418031028">
</known_class><known_class class="AVL_AVFloating">
</known_class><known_class class="AUMMsgWndClass">
</known_class><known_class class="WindowsForms10.Window.8.app.0.218f99c">
</known_class><known_class class="TChatRichEdit.UnicodeClass">
</known_class><known_class class="OpTaskbarProxyWnd">
</known_class><known_class class="WindowsForms10.COMBOBOX.app.0.33c0d9d">
</known_class><known_class class="THintListBox">
</known_class><known_class class="GDI+ Hook Window Class">
</known_class><known_class class="SysListView32">
</known_class><known_class class="Breadcrumb Parent">
</known_class><known_class class="VLC DirectX">
</known_class><known_class class="TPhoneTabControl">
</known_class><known_class class="TNewEdit">
</known_class><known_class class="TSizingPageControl">
</known_class><known_class class="QEventDispatcherWin32_Internal_Widget1729028576">
</known_class><known_class class="SensorPnPEventWindowb24">
</known_class><known_class class="Auto-Suggest Dropdown">
</known_class><known_class class="ShockwaveFlashFullScreen">
</known_class><known_class class="SensorPnPEventWindowc20">
</known_class><known_class class="Default Trillian Window (Shadow, Short)">
</known_class><known_class class="ATL:6C294150">
</known_class><known_class class="TElTreeView">
</known_class><known_class class="Desktop Search Open View">
</known_class><known_class class="SysFader">
</known_class><known_class class="Photos_CommandBar">
</known_class><known_class class="TSkypeSplitter">
</known_class><known_class class="DropboxTrayIcon">
</known_class><known_class class="Shell Preview Extension Host Foreground Msg">
</known_class><known_class class="WMPSimpleMessageWindow">
</known_class><known_class class="TRuler">
</known_class><known_class class="TRzTabSheet">
</known_class><known_class class="NotifyIconOverflowWindow">
</known_class><known_class class="icoTrilly">
</known_class><known_class class="MSTaskListWClass">
</known_class><known_class class="WMS Idle">
</known_class><known_class class="activityWndClass">
</known_class><known_class class="AtlAxWinEx">
</known_class><known_class class="Wpd Window for PnP messages {41514E1C-47C5-4990-9907-CCDECF89EAC3}">
</known_class><known_class class="TTrayAlert">
</known_class><known_class class="TRichEditViewer">
</known_class><known_class class="USurfaceShadowed_453854260">
</known_class><known_class class="UIRibbonStdCompMgr">
</known_class><known_class class="ComboLBox">
</known_class><known_class class="DUIViewWndClassName">
</known_class><known_class class="TProgressBar">
</known_class></known_classes></windowlist></general></winspector>