<filters>
<filter group-pattern="0" show-return-values="1" name="default">
<messages>
<message id="15">
</message><message id="12">
</message><message id="0">
</message><message id="1">
</message><message id="2">
</message><message id="3">
</message><message id="5">
</message><message id="6">
</message><message id="7">
</message><message id="8">
</message><message id="10">
</message><message id="11">
</message><message id="13">
</message><message id="14">
</message><message id="16">
</message><message id="17">
</message><message id="19">
</message><message id="22">
</message><message id="18">
</message><message id="20">
</message><message id="21">
</message><message id="24">
</message><message id="26">
</message><message id="27">
</message><message id="28">
</message><message id="29">
</message><message id="30">
</message><message id="31">
</message><message id="32">
</message><message id="33">
</message><message id="34">
</message><message id="35">
</message><message id="36">
</message><message id="38">
</message><message id="39">
</message><message id="40">
</message><message id="42">
</message><message id="43">
</message><message id="44">
</message><message id="45">
</message><message id="46">
</message><message id="47">
</message><message id="48">
</message><message id="49">
</message><message id="50">
</message><message id="51">
</message><message id="55">
</message><message id="57">
</message><message id="61">
</message><message id="65">
</message><message id="68">
</message><message id="70">
</message><message id="71">
</message><message id="72">
</message><message id="74">
</message><message id="75">
</message><message id="78">
</message><message id="80">
</message><message id="81">
</message><message id="82">
</message><message id="83">
</message><message id="84">
</message><message id="85">
</message><message id="123">
</message><message id="124">
</message><message id="125">
</message><message id="126">
</message><message id="127">
</message><message id="128">
</message><message id="129">
</message><message id="130">
</message><message id="131">
</message><message id="132">
</message><message id="133">
</message><message id="134">
</message><message id="135">
</message><message id="136">
</message><message id="160">
</message><message id="161">
</message><message id="162">
</message><message id="163">
</message><message id="164">
</message><message id="165">
</message><message id="166">
</message><message id="167">
</message><message id="168">
</message><message id="169">
</message><message id="171">
</message><message id="172">
</message><message id="173">
</message><message id="256">
</message><message id="257">
</message><message id="258">
</message><message id="259">
</message><message id="260">
</message><message id="261">
</message><message id="262">
</message><message id="263">
</message><message id="265">
</message><message id="269">
</message><message id="270">
</message><message id="271">
</message><message id="280">
</message><message id="272">
</message><message id="274">
</message><message id="275">
</message><message id="276">
</message><message id="277">
</message><message id="278">
</message><message id="279">
</message><message id="287">
</message><message id="288">
</message><message id="289">
</message><message id="290">
</message><message id="291">
</message><message id="292">
</message><message id="293">
</message><message id="294">
</message><message id="295">
</message><message id="296">
</message><message id="297">
</message><message id="306">
</message><message id="307">
</message><message id="308">
</message><message id="309">
</message><message id="310">
</message><message id="311">
</message><message id="312">
</message><message id="512">
</message><message id="513">
</message><message id="514">
</message><message id="515">
</message><message id="516">
</message><message id="517">
</message><message id="518">
</message><message id="519">
</message><message id="520">
</message><message id="521">
</message><message id="522">
</message><message id="523">
</message><message id="524">
</message><message id="525">
</message><message id="528">
</message><message id="529">
</message><message id="530">
</message><message id="531">
</message><message id="532">
</message><message id="533">
</message><message id="534">
</message><message id="536">
</message><message id="537">
</message><message id="544">
</message><message id="545">
</message><message id="546">
</message><message id="547">
</message><message id="548">
</message><message id="549">
</message><message id="550">
</message><message id="551">
</message><message id="552">
</message><message id="553">
</message><message id="560">
</message><message id="561">
</message><message id="562">
</message><message id="563">
</message><message id="564">
</message><message id="641">
</message><message id="642">
</message><message id="643">
</message><message id="644">
</message><message id="645">
</message><message id="646">
</message><message id="648">
</message><message id="656">
</message><message id="657">
</message><message id="673">
</message><message id="675">
</message><message id="672">
</message><message id="674">
</message><message id="768">
</message><message id="769">
</message><message id="770">
</message><message id="771">
</message><message id="772">
</message><message id="773">
</message><message id="774">
</message><message id="775">
</message><message id="776">
</message><message id="777">
</message><message id="778">
</message><message id="779">
</message><message id="780">
</message><message id="781">
</message><message id="782">
</message><message id="783">
</message><message id="784">
</message><message id="785">
</message><message id="786">
</message><message id="791">
</message><message id="792">
</message><message id="793">
</message><message id="794">
</message><message id="856">
</message><message id="863">
</message><message id="864">
</message><message id="865">
</message><message id="866">
</message><message id="867">
</message><message id="868">
</message><message id="869">
</message><message id="870">
</message><message id="871">
</message><message id="872">
</message><message id="873">
</message><message id="874">
</message><message id="875">
</message><message id="876">
</message><message id="877">
</message><message id="878">
</message><message id="879">
</message><message id="880">
</message><message id="881">
</message><message id="882">
</message><message id="883">
</message><message id="884">
</message><message id="885">
</message><message id="886">
</message><message id="887">
</message><message id="888">
</message><message id="890">
</message><message id="891">
</message><message id="889">
</message><message id="892">
</message><message id="893">
</message><message id="894">
</message><message id="895">
</message><message id="896">
</message><message id="911">
</message></messages><classes>
</classes><highlights>
</highlights><auto-expands>
</auto-expands></filter></filters>